DNN,EFFECTIVE_DATE,EXPIRY_DATE,OUTPUT_DNN
nrphone.aapl,20200101000000,20381231235959,privateRouting5G
nrphone.msft,20220101000000,,privateRouting5G
nrphone.goog,20220101000000,20231231235959,privateRouting5G
nrphone.amzn,20210101000000,20311231235959,privateRouting5G
nrphone.tsla,20210101000000,,privateRouting5G
nrphone.brk-a,20200101000000,20211231235959,privateRouting5G
testnrphonestt2enrz1,20200101000000,20381231235959,nrphone
testnrhotspotstt2enrz1,20200101000000,20381231235959,nrhotspot
testimsstt2enrz1,20200101000000,20381231235959,ims
testnrphonelso1anrz1,20200101000000,20381231235959,nrphone
testnrhotspotlso1anrz1,20200101000000,20381231235959,nrhotspot
testimslso1anrz1,20200101000000,20381231235959,ims
testnrphoneatn3anrz1,20200101000000,20381231235959,nrphone
testnrhotspotatn3anrz1,20200101000000,20381231235959,nrhotspot
testimsatn3anrz1,20200101000000,20381231235959,ims
testnrphonewas4anrz1,20200101000000,20381231235959,nrphone
testnrhotspotwas4anrz1,20200101000000,20381231235959,nrhotspot
testimswas4anrz1,20200101000000,20381231235959,ims
testnrphonegdr2anrz1,20200101000000,20381231235959,nrphone
testnrhotspotgdr2anrz1,20200101000000,20381231235959,nrhotspot
testimsgdr2anrz1,20200101000000,20381231235959,ims
testnrphonechg3cnrz1,20200101000000,20381231235959,nrphone
testnrhotspotchg3cnrz1,20200101000000,20381231235959,nrhotspot
testimschg3cnrz1,20200101000000,20381231235959,ims
testnrphonespd1anrz1,20200101000000,20381231235959,nrphone
testnrhotspotspd1anrz1,20200101000000,20381231235959,nrhotspot
testimsspd1anrz1,20200101000000,20381231235959,ims
testnrphonercs3anrz1,20200101000000,20381231235959,nrphone
testnrhotspotrcs3anrz1,20200101000000,20381231235959,nrhotspot
testimsrcs3anrz1,20200101000000,20381231235959,ims
test.onstarwifi,20200101000000,20381231235959,onstarwifi
test.onstarihu,20200101000000,20381231235959,onstarihu
test.attm2mglobal5g,20200101000000,20381231235959,attm2mglobal5g
test.onstar01.v6,20200101000000,20381231235959,onstar01.v6
test5gcbbanddtr1bnrz1,20200101000000,20381231235959,nrphone
test5gcbbandokc2bnrz1,20200101000000,20381231235959,nrphone
testattm2mchg3cnrz1,20200101000000,20381231235959,attm2mglobal5g
testimsdtr1bnrz1,20200101000000,20381231235959,ims
testimsokc2bnrz1,20200101000000,20381231235959,ims
testnrhotspotdtr1bnrz1,20200101000000,20381231235959,nrhotspot
testnrhotspotokc2bnrz1,20200101000000,20381231235959,nrhotspot
testnrphonedtr1bnrz1,20200101000000,20381231235959,nrphone
testnrphoneokc2bnrz1,20200101000000,20381231235959,nrphone
testonstarchg3cnrz1,20200101000000,20381231235959,onstar01.v6
testonstarihuchg3cnrz1,20200101000000,20381231235959,onstarihu
testonstarppchg3cnrz1,20200101000000,20381231235959,onstar01.v6
testonstarwfchg3cnrz1,20200101000000,20381231235959,onstarwifi
test5gcbbandakr4anrz1,20200101000000,20381231235959,nrbroadband
test5gcbbandalp5cnrz1,20200101000000,20381231235959,nrbroadband
test5gcbbandavo1anrz1,20200101000000,20381231235959,nrbroadband
test5gcbbandbhm6anrz1,20200101000000,20381231235959,nrbroadband
test5gcbbandcrc1anrz1,20200101000000,20381231235959,nrbroadband
test5gcbbandfro2bnrz1,20200101000000,20381231235959,nrbroadband
test5gcbbandirv3anrz1,20200101000000,20381231235959,nrbroadband
test5gcbbandkgm6anrz1,20200101000000,20381231235959,nrbroadband
test5gcbbandlsa4dnrz1,20200101000000,20381231235959,nrbroadband
test5gcbbandmpl1anrz1,20200101000000,20381231235959,nrbroadband
test5gcbbandslk1bnrz1,20200101000000,20381231235959,nrbroadband
test5gcbbandsnc2bnrz1,20200101000000,20381231235959,nrbroadband
test5gcbbandtcs1anrz1,20200101000000,20381231235959,nrbroadband
test5gcbbandway2anrz1,20200101000000,20381231235959,nrbroadband
testimsakr4anrz1,20200101000000,20381231235959,ims
testimsalp5cnrz1,20200101000000,20381231235959,ims
testimsavo1anrz1,20200101000000,20381231235959,ims
testimsbhm6anrz1,20200101000000,20381231235959,ims
testimscrc1anrz1,20200101000000,20381231235959,ims
testimsfro2bnrz1,20200101000000,20381231235959,ims
testimsirv3anrz1,20200101000000,20381231235959,ims
testimskgm6anrz1,20200101000000,20381231235959,ims
testimslsa4dnrz1,20200101000000,20381231235959,ims
testimsmpl1anrz1,20200101000000,20381231235959,ims
testimsslk1bnrz1,20200101000000,20381231235959,ims
testimssnc2bnrz1,20200101000000,20381231235959,ims
testimstcs1anrz1,20200101000000,20381231235959,ims
testimsway2anrz1,20200101000000,20381231235959,ims
testnrfwbbakr4anrz1,20200101000000,20381231235959,nrfwbb
testnrfwbbalp5cnrz1,20200101000000,20381231235959,nrfwbb
testnrfwbbbhm6anrz1,20200101000000,20381231235959,nrfwbb
testnrfwbbcrc1anrz1,20200101000000,20381231235959,nrfwbb
testnrfwbbfro2bnrz1,20200101000000,20381231235959,nrfwbb
testnrfwbbirv3anrz1,20200101000000,20381231235959,nrfwbb
testnrfwbbmpl1anrz1,20200101000000,20381231235959,nrfwbb
testnrfwbbokc2bnrz1,20200101000000,20381231235959,nrfwbb
testnrfwbbway2anrz1,20200101000000,20381231235959,nrfwbb
testnrhotspotakr4anrz1,20200101000000,20381231235959,nrhotspot
testnrhotspotalp5cnrz1,20200101000000,20381231235959,nrhotspot
testnrhotspotavo1anrz1,20200101000000,20381231235959,nrhotspot
testnrhotspotbhm6anrz1,20200101000000,20381231235959,nrhotspot
testnrhotspotcrc1anrz1,20200101000000,20381231235959,nrhotspot
testnrhotspotfro2bnrz1,20200101000000,20381231235959,nrhotspot
testnrhotspotirv3anrz1,20200101000000,20381231235959,nrhotspot
testnrhotspotkgm6anrz1,20200101000000,20381231235959,nrhotspot
testnrhotspotlsa4dnrz1,20200101000000,20381231235959,nrhotspot
testnrhotspotmpl1anrz1,20200101000000,20381231235959,nrhotspot
testnrhotspotslk1bnrz1,20200101000000,20381231235959,nrhotspot
testnrhotspotsnc2bnrz1,20200101000000,20381231235959,nrhotspot
testnrhotspottcs1anrz1,20200101000000,20381231235959,nrhotspot
testnrhotspotway2anrz1,20200101000000,20381231235959,nrhotspot
testnrphoneakr4anrz1,20200101000000,20381231235959,nrphone
testnrphonealp5cnrz1,20200101000000,20381231235959,nrphone
testnrphoneavo1anrz1,20200101000000,20381231235959,nrphone
testnrphonebhm6anrz1,20200101000000,20381231235959,nrphone
testnrphonecrc1anrz1,20200101000000,20381231235959,nrphone
testnrphonefro2bnrz1,20200101000000,20381231235959,nrphone
testnrphoneirv3anrz1,20200101000000,20381231235959,nrphone
testnrphonekgm6anrz1,20200101000000,20381231235959,nrphone
testnrphonelsa4dnrz1,20200101000000,20381231235959,nrphone
testnrphonempl1anrz1,20200101000000,20381231235959,nrphone
testnrphoneslk1bnrz1,20200101000000,20381231235959,nrphone
testnrphonesnc2bnrz1,20200101000000,20381231235959,nrphone
testnrphonetcs1anrz1,20200101000000,20381231235959,nrphone
testnrphoneway2anrz1,20200101000000,20381231235959,nrphone
t3btest.etr,20200101000000,20381231235959,privateRouting5G
testonstarwfdtr1bnrz1,20200101000000,20381231235959,onstarwifi
testonstarihudtr1bnrz1,20200101000000,20381231235959,onstarihu
testonstarwfokc2bnrz1,20200101000000,20381231235959,onstarwifi
testonstarihuokc2bnrz1,20200101000000,20381231235959,onstarihu
testonstarwfakr4anrz1,20200101000000,20381231235959,onstarwifi
testonstarihuakr4anrz1,20200101000000,20381231235959,onstarihu
testonstarwffro2bnrz1,20200101000000,20381231235959,onstarwifi
testonstarihufro2bnrz1,20200101000000,20381231235959,onstarihu
testonstarwfslk1bnrz1,20200101000000,20381231235959,onstarwifi
testonstarihuslk1bnrz1,20200101000000,20381231235959,onstarihu
testonstarwfbhm6anrz1,20200101000000,20381231235959,onstarwifi
testonstarihubhm6anrz1,20200101000000,20381231235959,onstarihu
testonstarwfway2anrz1,20200101000000,20381231235959,onstarwifi
testonstarihuway2anrz1,20200101000000,20381231235959,onstarihu
testonstarwfmpl1anrz1,20200101000000,20381231235959,onstarwifi
testonstarihumpl1anrz1,20200101000000,20381231235959,onstarihu
testonstarwfcrc1anrz1,20200101000000,20381231235959,onstarwifi
testonstarihucrc1anrz1,20200101000000,20381231235959,onstarihu
testonstarwfirv3anrz1,20200101000000,20381231235959,onstarwifi
testonstarihuirv3anrz1,20200101000000,20381231235959,onstarihu
testonstarwfavo1anrz1,20200101000000,20381231235959,onstarwifi
testonstarihuavo1anrz1,20200101000000,20381231235959,onstarihu
testonstarwfalp5cnrz1,20200101000000,20381231235959,onstarwifi
testonstarihualp5cnrz1,20200101000000,20381231235959,onstarihu
testonstarwfkgm6anrz1,20200101000000,20381231235959,onstarwifi
testonstarihukgm6anrz1,20200101000000,20381231235959,onstarihu
testonstarwflsa4dnrz1,20200101000000,20381231235959,onstarwifi
testonstarihulsa4dnrz1,20200101000000,20381231235959,onstarihu
testonstarwfsnc2bnrz1,20200101000000,20381231235959,onstarwifi
testonstarihusnc2bnrz1,20200101000000,20381231235959,onstarihu
testonstarwftcs1anrz1,20200101000000,20381231235959,onstarwifi
testonstarihutcs1anrz1,20200101000000,20381231235959,onstarihu
testonstarwfmin1bnrz1,20200101000000,20381231235959,onstarwifi
testonstarihumin1bnrz1,20200101000000,20381231235959,onstarihu
testonstarwfsna2bnrz1,20200101000000,20381231235959,onstarwifi
testonstarihusna2bnrz1,20200101000000,20381231235959,onstarihu
testonstarwfltr2cnrz1,20200101000000,20381231235959,onstarwifi
testonstarihultr2cnrz1,20200101000000,20381231235959,onstarihu
test5gcbbandalb1cnrz1,20200101000000,20381231235959,5gcbroadband
test5gcbbandatl3fnrz1,20200101000000,20381231235959,5gcbroadband
test5gcbbandclm3anrz1,20200101000000,20381231235959,5gcbroadband
test5gcbbandfrb1anrz1,20200101000000,20381231235959,5gcbroadband
test5gcbbandipl2anrz1,20200101000000,20381231235959,5gcbroadband
test5gcbbandjcv2anrz1,20200101000000,20381231235959,5gcbroadband
test5gcbbandkgm6fnrz1,20200101000000,20381231235959,5gcbroadband
test5gcbbandksc5anrz1,20200101000000,20381231235959,5gcbroadband
test5gcbbandlbc1anrz1,20200101000000,20381231235959,5gcbroadband
test5gcbbandlsa5bnrz1,20200101000000,20381231235959,5gcbroadband
test5gcbbandnwo2anrz1,20200101000000,20381231235959,5gcbroadband
test5gcbbandshp1bnrz1,20200101000000,20381231235959,5gcbroadband
test5gcbbandsnt4anrz1,20200101000000,20381231235959,5gcbroadband
test5gcbbandtac1anrz1,20200101000000,20381231235959,5gcbroadband
test5gcbbandwah2gnrz1,20200101000000,20381231235959,5gcbroadband
test5gcbbandwhp3gnrz1,20200101000000,20381231235959,5gcbroadband
testimsalb1cnrz1,20200101000000,20381231235959,ims
testimsatl3fnrz1,20200101000000,20381231235959,ims
testimsclm3anrz1,20200101000000,20381231235959,ims
testimsfrb1anrz1,20200101000000,20381231235959,ims
testimsipl2anrz1,20200101000000,20381231235959,ims
testimsjcv2anrz1,20200101000000,20381231235959,ims
testimskgm6fnrz1,20200101000000,20381231235959,ims
testimsksc5anrz1,20200101000000,20381231235959,ims
testimslbc1anrz1,20200101000000,20381231235959,ims
testimslsa5bnrz1,20200101000000,20381231235959,ims
testimsnwo2anrz1,20200101000000,20381231235959,ims
testimsshp1bnrz1,20200101000000,20381231235959,ims
testimssnt4anrz1,20200101000000,20381231235959,ims
testimstac1anrz1,20200101000000,20381231235959,ims
testimswah2gnrz1,20200101000000,20381231235959,ims
testimswhp3gnrz1,20200101000000,20381231235959,ims
testnrfwbb2alb1cnrz1,20200101000000,20381231235959,nrphone
testnrfwbb2atl3fnrz1,20200101000000,20381231235959,nrphone
testnrfwbb2clm3anrz1,20200101000000,20381231235959,nrphone
testnrfwbb2frb1anrz1,20200101000000,20381231235959,nrphone
testnrfwbb2ipl2anrz1,20200101000000,20381231235959,nrphone
testnrfwbb2jcv2anrz1,20200101000000,20381231235959,nrphone
testnrfwbb2kgm6fnrz1,20200101000000,20381231235959,nrphone
testnrfwbb2ksc5anrz1,20200101000000,20381231235959,nrphone
testnrfwbb2lbc1anrz1,20200101000000,20381231235959,nrphone
testnrfwbb2lsa5bnrz1,20200101000000,20381231235959,nrphone
testnrfwbb2nwo2anrz1,20200101000000,20381231235959,nrphone
testnrfwbb2shp1bnrz1,20200101000000,20381231235959,nrphone
testnrfwbb2snt4anrz1,20200101000000,20381231235959,nrphone
testnrfwbb2tac1anrz1,20200101000000,20381231235959,nrphone
testnrfwbb2wah2gnrz1,20200101000000,20381231235959,nrphone
testnrfwbb2whp3gnrz1,20200101000000,20381231235959,nrphone
testnrfwbbalb1cnrz1,20200101000000,20381231235959,nrfwbb
testnrfwbbclm3anrz1,20200101000000,20381231235959,nrfwbb
testnrfwbbjcv2anrz1,20200101000000,20381231235959,nrfwbb
testnrfwbbkgm6fnrz1,20200101000000,20381231235959,nrfwbb
testnrfwbbksc5anrz1,20200101000000,20381231235959,nrfwbb
testnrfwbblbc1anrz1,20200101000000,20381231235959,nrfwbb
testnrfwbblsa5bnrz1,20200101000000,20381231235959,nrfwbb
testnrfwbbshp1bnrz1,20200101000000,20381231235959,nrfwbb
testnrfwbbtac1anrz1,20200101000000,20381231235959,nrfwbb
testnrfwbbtcs1anrz1,20200101000000,20381231235959,nrfwbb
testnrhotspotalb1cnrz1,20200101000000,20381231235959,nrhotspot
testnrhotspotatl3fnrz1,20200101000000,20381231235959,nrhotspot
testnrhotspotclm3anrz1,20200101000000,20381231235959,nrhotspot
testnrhotspotfrb1anrz1,20200101000000,20381231235959,nrhotspot
testnrhotspotipl2anrz1,20200101000000,20381231235959,nrhotspot
testnrhotspotjcv2anrz1,20200101000000,20381231235959,nrhotspot
testnrhotspotkgm6fnrz1,20200101000000,20381231235959,nrhotspot
testnrhotspotksc5anrz1,20200101000000,20381231235959,nrhotspot
testnrhotspotlbc1anrz1,20200101000000,20381231235959,nrhotspot
testnrhotspotlsa5bnrz1,20200101000000,20381231235959,nrhotspot
testnrhotspotnwo2anrz1,20200101000000,20381231235959,nrhotspot
testnrhotspotshp1bnrz1,20200101000000,20381231235959,nrhotspot
testnrhotspotsnt4anrz1,20200101000000,20381231235959,nrhotspot
testnrhotspottac1anrz1,20200101000000,20381231235959,nrhotspot
testnrhotspotwah2gnrz1,20200101000000,20381231235959,nrhotspot
testnrhotspotwhp3gnrz1,20200101000000,20381231235959,nrhotspot
testnrphonealb1cnrz1,20200101000000,20381231235959,nrphone
testnrphoneatl3fnrz1,20200101000000,20381231235959,nrphone
testnrphoneclm3anrz1,20200101000000,20381231235959,nrphone
testnrphonefrb1anrz1,20200101000000,20381231235959,nrphone
testnrphoneipl2anrz1,20200101000000,20381231235959,nrphone
testnrphonejcv2anrz1,20200101000000,20381231235959,nrphone
testnrphonekgm6fnrz1,20200101000000,20381231235959,nrphone
testnrphoneksc5anrz1,20200101000000,20381231235959,nrphone
testnrphonelbc1anrz1,20200101000000,20381231235959,nrphone
testnrphonelsa5bnrz1,20200101000000,20381231235959,nrphone
testnrphonenwo2anrz1,20200101000000,20381231235959,nrphone
testnrphoneshp1bnrz1,20200101000000,20381231235959,nrphone
testnrphonesnt4anrz1,20200101000000,20381231235959,nrphone
testnrphonetac1anrz1,20200101000000,20381231235959,nrphone
testnrphonewah2gnrz1,20200101000000,20381231235959,nrphone
testnrphonewhp3gnrz1,20200101000000,20381231235959,nrphone
testonstar01v6all4hnrz1,20200101000000,20381231235959,onstar01.v6
testonstar01v6atl3gnrz1,20200101000000,20381231235959,onstar01.v6
testonstar01v6brp1enrz1,20200101000000,20381231235959,onstar01.v6
testonstar01v6ksc3cnrz1,20200101000000,20381231235959,onstar01.v6
testonstar01v6lsa5cnrz1,20200101000000,20381231235959,onstar01.v6
testonstar01v6snd4anrz1,20200101000000,20381231235959,onstar01.v6
testonstar01v6stt2fnrz1,20200101000000,20381231235959,onstar01.v6
testonstar01v6was4enrz1,20200101000000,20381231235959,onstar01.v6
testonstarihualb1cnrz1,20200101000000,20381231235959,onstarihu
testonstarihuatl3fnrz1,20200101000000,20381231235959,onstarihu
testonstarihuclm3anrz1,20200101000000,20381231235959,onstarihu
testonstarihufrb1anrz1,20200101000000,20381231235959,onstarihu
testonstarihuipl2anrz1,20200101000000,20381231235959,onstarihu
testonstarihujcv2anrz1,20200101000000,20381231235959,onstarihu
testonstarihukgm6fnrz1,20200101000000,20381231235959,onstarihu
testonstarihuksc5anrz1,20200101000000,20381231235959,onstarihu
testonstarihulbc1anrz1,20200101000000,20381231235959,onstarihu
testonstarihulsa5bnrz1,20200101000000,20381231235959,onstarihu
testonstarihunwo2anrz1,20200101000000,20381231235959,onstarihu
testonstarihushp1bnrz1,20200101000000,20381231235959,onstarihu
testonstarihusnt4anrz1,20200101000000,20381231235959,onstarihu
testonstarihutac1anrz1,20200101000000,20381231235959,onstarihu
testonstarihuwah2gnrz1,20200101000000,20381231235959,onstarihu
testonstarihuwhp3gnrz1,20200101000000,20381231235959,onstarihu
testonstarwfalb1cnrz1,20200101000000,20381231235959,onstarwifi
testonstarwfatl3fnrz1,20200101000000,20381231235959,onstarwifi
testonstarwfclm3anrz1,20200101000000,20381231235959,onstarwifi
testonstarwffrb1anrz1,20200101000000,20381231235959,onstarwifi
testonstarwfipl2anrz1,20200101000000,20381231235959,onstarwifi
testonstarwfjcv2anrz1,20200101000000,20381231235959,onstarwifi
testonstarwfkgm6fnrz1,20200101000000,20381231235959,onstarwifi
testonstarwfksc5anrz1,20200101000000,20381231235959,onstarwifi
testonstarwflbc1anrz1,20200101000000,20381231235959,onstarwifi
testonstarwflsa5bnrz1,20200101000000,20381231235959,onstarwifi
testonstarwfnwo2anrz1,20200101000000,20381231235959,onstarwifi
testonstarwfshp1bnrz1,20200101000000,20381231235959,onstarwifi
testonstarwfsnt4anrz1,20200101000000,20381231235959,onstarwifi
testonstarwftac1anrz1,20200101000000,20381231235959,onstarwifi
testonstarwfwah2gnrz1,20200101000000,20381231235959,onstarwifi
testonstarwfwhp3gnrz1,20200101000000,20381231235959,onstarwifi
testt3ball4h.etr,20200101000000,20381231235959,onstar01.v6
testt3batl3g.etr,20200101000000,20381231235959,onstar01.v6
testt3bbrp1e.etr,20200101000000,20381231235959,onstar01.v6
testt3bksc3c.etr,20200101000000,20381231235959,onstar01.v6
testt3blsa5c.etr,20200101000000,20381231235959,onstar01.v6
testt3bsnd4a.etr,20200101000000,20381231235959,onstar01.v6
testt3bstt2f.etr,20200101000000,20381231235959,onstar01.v6
testt3bwas4e.etr,20200101000000,20381231235959,onstar01.v6
t1nofwtest.etr,20200101000000,20381231235959,privateRouting5G
t2momttest.etr,20200101000000,20381231235959,privateRouting5G
t2mowltest.etr,20200101000000,20381231235959,privateRouting5G
pp.telematics.5g.att.na.ford,20230522000000,20381231235959,telematics.5g.att.na.ford
testperfbbatl3fnrz1,20210101000000,21001231235959,nrhotspot
testperfbbclm3anrz1,20210101000000,21001231235959,nrhotspot
testperfbbkgm6fnrz1,20210101000000,21001231235959,nrhotspot
testperfbbjcv2anrz1,20210101000000,21001231235959,nrhotspot
testperfbbwah2gnrz1,20210101000000,21001231235959,nrhotspot
testperfbbwhp3gnrz1,20210101000000,21001231235959,nrhotspot
testperfbbshp1bnrz1,20210101000000,21001231235959,nrhotspot
testperfbblbc1anrz1,20210101000000,21001231235959,nrhotspot
testperfbbksc5anrz1,20210101000000,21001231235959,nrhotspot
testperfbbnwo2anrz1,20210101000000,21001231235959,nrhotspot
testperfbbfrb1anrz1,20210101000000,21001231235959,nrhotspot
testperfbbipl2anrz1,20210101000000,21001231235959,nrhotspot
testperfbbtac1anrz1,20210101000000,21001231235959,nrhotspot
testperfbblsa5bnrz1,20210101000000,21001231235959,nrhotspot
testperfbbalb1cnrz1,20210101000000,21001231235959,nrhotspot
testperfbbsnt4anrz1,20210101000000,21001231235959,nrhotspot
inft.5g.att.na.ford,20230522000000,20381231235959,telematics.5g.att.na.ford
10475.mcs,20200101000000,20381231235959,apex-proprietary
10799.mcs,20200101000000,20381231235959,apex-proprietary
10800.mcs,20200101000000,20381231235959,apex-proprietary
11141.mcs,20200101000000,20381231235959,apex-proprietary
11166.mcs,20200101000000,20381231235959,apex-proprietary
11205.mcs,20200101000000,20381231235959,apex-proprietary
11216.mcs,20200101000000,20381231235959,apex-proprietary
11243.mcs,20200101000000,20381231235959,apex-proprietary
11929.mcs,20200101000000,20381231235959,apex-proprietary
12132.mcs,20200101000000,20381231235959,apex-proprietary
12225.mcs,20200101000000,20381231235959,apex-proprietary
12666.mcs,20200101000000,20381231235959,apex-proprietary
12666.mcs.old,20200101000000,20381231235959,apex-proprietary
12727.mcs,20200101000000,20381231235959,apex-proprietary
13291.mcs,20200101000000,20381231235959,apex-proprietary
13564.mcs,20200101000000,20381231235959,apex-proprietary
13565.mcs,20200101000000,20381231235959,apex-proprietary
13565.mcs.old,20200101000000,20381231235959,apex-proprietary
13651.mcs,20200101000000,20381231235959,apex-proprietary
13652.mcs,20200101000000,20381231235959,apex-proprietary
13707.mcs,20200101000000,20381231235959,apex-proprietary
13726.mcs,20200101000000,20381231235959,apex-proprietary
13736.mcs,20200101000000,20381231235959,apex-proprietary
13816.mcs,20200101000000,20381231235959,apex-proprietary
13818.mcs,20200101000000,20381231235959,apex-proprietary
14068.mcs,20200101000000,20381231235959,apex-proprietary
14076.mcs,20200101000000,20381231235959,apex-proprietary
14083.mcs,20200101000000,20381231235959,apex-proprietary
14240.mcs,20200101000000,20381231235959,apex-proprietary
14334.mcs,20200101000000,20381231235959,apex-proprietary
14353.mcs,20200101000000,20381231235959,apex-proprietary
14354.mcs,20200101000000,20381231235959,apex-proprietary
14393.mcs,20200101000000,20381231235959,apex-proprietary
14398.mcs,20200101000000,20381231235959,apex-proprietary
14399.mcs,20200101000000,20381231235959,apex-proprietary
14399.mcs.old,20200101000000,20381231235959,apex-proprietary
14483.mcs,20200101000000,20381231235959,apex-proprietary
14516.mcs,20200101000000,20381231235959,apex-proprietary
14519.mcs,20200101000000,20381231235959,apex-proprietary
14757.mcs,20200101000000,20381231235959,apex-proprietary
14759.mcs,20200101000000,20381231235959,apex-proprietary
14829.mcs,20200101000000,20381231235959,apex-proprietary
14902.mcs,20200101000000,20381231235959,apex-proprietary
14906.mcs,20200101000000,20381231235959,apex-proprietary
14938.mcs,20200101000000,20381231235959,apex-proprietary
14949.mcs,20200101000000,20381231235959,apex-proprietary
15015.mcs,20200101000000,20381231235959,apex-proprietary
15028.mcs,20200101000000,20381231235959,apex-proprietary
15040.mcs,20200101000000,20381231235959,apex-proprietary
15123.mcs,20200101000000,20381231235959,apex-proprietary
15332.mcs,20200101000000,20381231235959,apex-proprietary
15355.mcs,20200101000000,20381231235959,apex-proprietary
15413.mcs,20200101000000,20381231235959,apex-proprietary
15437.mcs,20200101000000,20381231235959,apex-proprietary
15477.mcs,20200101000000,20381231235959,apex-proprietary
18103.mcs,20200101000000,20381231235959,apex-proprietary
18369.mcs,20200101000000,20381231235959,apex-proprietary
18379.mcs,20200101000000,20381231235959,apex-proprietary
18475.mcs,20200101000000,20381231235959,apex-proprietary
18536.mcs,20200101000000,20381231235959,apex-proprietary
18537.mcs,20200101000000,20381231235959,apex-proprietary
18538.mcs,20200101000000,20381231235959,apex-proprietary
18539.mcs,20200101000000,20381231235959,apex-proprietary
18571.mcs,20200101000000,20381231235959,apex-proprietary
18598.mcs,20200101000000,20381231235959,apex-proprietary
18629.mcs,20200101000000,20381231235959,apex-proprietary
18674.mcs,20200101000000,20381231235959,apex-proprietary
18749.mcs,20200101000000,20381231235959,apex-proprietary
18755.mcs,20200101000000,20381231235959,apex-proprietary
18807.mcs,20200101000000,20381231235959,apex-proprietary
18814.mcs,20200101000000,20381231235959,apex-proprietary
18815.mcs,20200101000000,20381231235959,apex-proprietary
18848.fn,20200101000000,20381231235959,apex-proprietary
18879.mcs,20200101000000,20381231235959,apex-proprietary
18920.mcs,20200101000000,20381231235959,apex-proprietary
19032.mcs,20200101000000,20381231235959,apex-proprietary
19059.mcs,20200101000000,20381231235959,apex-proprietary
19739.mcs,20200101000000,20381231235959,apex-proprietary
19740.mcs,20200101000000,20381231235959,apex-proprietary
19759.mcs,20200101000000,20381231235959,apex-proprietary
30121.mcs,20200101000000,20381231235959,apex-proprietary
30122.mcs,20200101000000,20381231235959,apex-proprietary
30194.mcs,20200101000000,20381231235959,apex-proprietary
30305.mcs,20200101000000,20381231235959,apex-proprietary
30351.mcs,20200101000000,20381231235959,apex-proprietary
30451.mcs,20200101000000,20381231235959,apex-proprietary
30491.mcs,20200101000000,20381231235959,apex-proprietary
30691.mcs,20200101000000,20381231235959,apex-proprietary
30864.mcs,20200101000000,20381231235959,apex-proprietary
30885.mcs,20200101000000,20381231235959,apex-proprietary
30996.mcs,20200101000000,20381231235959,apex-proprietary
31143.mcs,20200101000000,20381231235959,apex-proprietary
31206.mcs,20200101000000,20381231235959,apex-proprietary
31261.mcs,20200101000000,20381231235959,apex-proprietary
31291.mcs,20200101000000,20381231235959,apex-proprietary
31333.mcs,20200101000000,20381231235959,apex-proprietary
31334.mcs,20200101000000,20381231235959,apex-proprietary
31378.mcs,20200101000000,20381231235959,apex-proprietary
31572.mcs,20200101000000,20381231235959,apex-proprietary
31573.mcs,20200101000000,20381231235959,apex-proprietary
31732.mcs,20200101000000,20381231235959,apex-proprietary
31766.mcs,20200101000000,20381231235959,apex-proprietary
31767.mcs,20200101000000,20381231235959,apex-proprietary
31768.mcs,20200101000000,20381231235959,apex-proprietary
31769.mcs,20200101000000,20381231235959,apex-proprietary
31777.mcs,20200101000000,20381231235959,apex-proprietary
31820.mcs,20200101000000,20381231235959,apex-proprietary
31821.mcs,20200101000000,20381231235959,apex-proprietary
31851.mcs,20200101000000,20381231235959,apex-proprietary
31853.mcs,20200101000000,20381231235959,apex-proprietary
31871.mcs,20200101000000,20381231235959,apex-proprietary
31977.mcs,20200101000000,20381231235959,apex-proprietary
32176.mcs,20200101000000,20381231235959,apex-proprietary
32184.mcs,20200101000000,20381231235959,apex-proprietary
32330.mcs,20200101000000,20381231235959,apex-proprietary
32331.mcs,20200101000000,20381231235959,apex-proprietary
32332.mcs,20200101000000,20381231235959,apex-proprietary
32333.mcs,20200101000000,20381231235959,apex-proprietary
32334.mcs,20200101000000,20381231235959,apex-proprietary
32336.mcs,20200101000000,20381231235959,apex-proprietary
32337.mcs,20200101000000,20381231235959,apex-proprietary
32338.mcs,20200101000000,20381231235959,apex-proprietary
32339.mcs,20200101000000,20381231235959,apex-proprietary
32343.mcs,20200101000000,20381231235959,apex-proprietary
32345.mcs,20200101000000,20381231235959,apex-proprietary
32346.mcs,20200101000000,20381231235959,apex-proprietary
32347.mcs,20200101000000,20381231235959,apex-proprietary
32348.mcs,20200101000000,20381231235959,apex-proprietary
32350.mcs,20200101000000,20381231235959,apex-proprietary
32351.mcs,20200101000000,20381231235959,apex-proprietary
32352.mcs,20200101000000,20381231235959,apex-proprietary
32353.mcs,20200101000000,20381231235959,apex-proprietary
32356.mcs,20200101000000,20381231235959,apex-proprietary
32357.mcs,20200101000000,20381231235959,apex-proprietary
32358.mcs,20200101000000,20381231235959,apex-proprietary
32359.mcs,20200101000000,20381231235959,apex-proprietary
32361.mcs,20200101000000,20381231235959,apex-proprietary
32362.mcs,20200101000000,20381231235959,apex-proprietary
32363.mcs,20200101000000,20381231235959,apex-proprietary
32364.mcs,20200101000000,20381231235959,apex-proprietary
32365.mcs,20200101000000,20381231235959,apex-proprietary
32572.mcs,20200101000000,20381231235959,apex-proprietary
32956.mcs,20200101000000,20381231235959,apex-proprietary
33229.mcs,20200101000000,20381231235959,apex-proprietary
33318.mcs,20200101000000,20381231235959,apex-proprietary
33469.mcs,20200101000000,20381231235959,apex-proprietary
33514.mcs,20200101000000,20381231235959,apex-proprietary
33515.mcs,20200101000000,20381231235959,apex-proprietary
33679.mcs,20200101000000,20381231235959,apex-proprietary
33701.mcs,20200101000000,20381231235959,apex-proprietary
34178.mcs,20200101000000,20381231235959,apex-proprietary
34296.mcs,20200101000000,20381231235959,apex-proprietary
34492.mcs,20200101000000,20381231235959,apex-proprietary
34499.mcs,20200101000000,20381231235959,apex-proprietary
34722.mcs,20200101000000,20381231235959,apex-proprietary
34724.mcs,20200101000000,20381231235959,apex-proprietary
35156.mcs,20200101000000,20381231235959,apex-proprietary
35163.mcs,20200101000000,20381231235959,apex-proprietary
35193.mcs,20200101000000,20381231235959,apex-proprietary
35195.mcs,20200101000000,20381231235959,apex-proprietary
35200.mcs,20200101000000,20381231235959,apex-proprietary
35601.mcs,20200101000000,20381231235959,apex-proprietary
35738.mcs,20200101000000,20381231235959,apex-proprietary
36030.mcs,20200101000000,20381231235959,apex-proprietary
36172.mcs,20200101000000,20381231235959,apex-proprietary
36623.mcs,20200101000000,20381231235959,apex-proprietary
4gasartn01.neo,20200101000000,20381231235959,apex-proprietary
4gascncr01.neo,20200101000000,20381231235959,apex-proprietary
4gascrs.neo,20200101000000,20381231235959,apex-proprietary
4gashstn01.neo,20200101000000,20381231235959,apex-proprietary
4gasvtc201.neo,20200101000000,20381231235959,apex-proprietary
accessrgn.net,20200101000000,20381231235959,apex-proprietary
caseys.sagenet.com,20200101000000,20381231235959,apex-proprietary
ccspbda010.acfes.org,20200101000000,20381231235959,apex-proprietary
ccspbdd018.acfes.org,20200101000000,20381231235959,apex-proprietary
ccspbdd041.acfes.org,20200101000000,20381231235959,apex-proprietary
ccspbdd042.acfes.org,20200101000000,20381231235959,apex-proprietary
ccspbsa057.acfes.org,20200101000000,20381231235959,apex-proprietary
ccspbsc177.acfes.org,20200101000000,20381231235959,apex-proprietary
ccspbsc198.acfes.org,20200101000000,20381231235959,apex-proprietary
ccspbsc226.acfes.org,20200101000000,20381231235959,apex-proprietary
cxcattwb.cnv,20200101000000,20381231235959,apex-proprietary
cybercc1.mcs,20200101000000,20381231235959,apex-proprietary
cybercc2.mcs,20200101000000,20381231235959,apex-proprietary
cybertlg1.mcs,20200101000000,20381231235959,apex-proprietary
cybertlg2.mcs,20200101000000,20381231235959,apex-proprietary
dataxoomdxc.mcs,20200101000000,20381231235959,apex-proprietary
dy.datablaze.mcs,20200101000000,20381231235959,apex-proprietary
erock.neo,20200101000000,20381231235959,apex-proprietary
genmobile.com,20200101000000,20381231235959,apex-proprietary
genmobile.com.mcs,20200101000000,20381231235959,apex-proprietary
mdc.org,20200101000000,20381231235959,apex-proprietary
revgenapex.mcs,20200101000000,20381231235959,apex-proprietary
sentinel-static.mcs,20200101000000,20381231235959,apex-proprietary
skyfreq.mcs,20200101000000,20381231235959,apex-proprietary
skytec.ws,20200101000000,20381231235959,apex-proprietary
st.datablaze.mcs,20200101000000,20381231235959,apex-proprietary
teklinks.com,20200101000000,20381231235959,apex-proprietary
testimsall5bnrz1,20200101000000,20381231235959,ims
testimsall5cnrz1,20200101000000,20381231235959,ims
testimsbrp1anrz1,20200101000000,20381231235959,ims
testimschc6anrz1,20200101000000,20381231235959,ims
testimschg3hnrz1,20200101000000,20381231235959,ims
testimschs1anrz1,20200101000000,20381231235959,ims
testimsclo1anrz1,20200101000000,20381231235959,ims
testimsdll7fnrz1,20200101000000,20381231235959,ims
testimsdls3anrz1,20200101000000,20381231235959,ims
testimsfro2enrz1,20200101000000,20381231235959,ims
testimsfrs2bnrz1,20200101000000,20381231235959,ims
testimsgrd2hnrz1,20200101000000,20381231235959,ims
testimsgsv1anrz1,20200101000000,20381231235959,ims
testimsknv2anrz1,20200101000000,20381231235959,ims
testimslsv3anrz1,20200101000000,20381231235959,ims
testimsmia2anrz1,20200101000000,20381231235959,ims
testimsmlw1anrz1,20200101000000,20381231235959,ims
testimsmrg1cnrz1,20200101000000,20381231235959,ims
testimsorl1anrz1,20200101000000,20381231235959,ims
testimsphn1anrz1,20200101000000,20381231235959,ims
testimsptl2bnrz1,20200101000000,20381231235959,ims
testimssnb1anrz1,20200101000000,20381231235959,ims
testimssnd3fnrz1,20200101000000,20381231235959,ims
testimstul2anrz1,20200101000000,20381231235959,ims
testimsvnn2bnrz1,20200101000000,20381231235959,ims
testimswnc1bnrz1,20200101000000,20381231235959,ims
testimswnd4enrz1,20200101000000,20381231235959,ims
testnrfwbb2all5bnrz1,20200101000000,20381231235959,nrphone
testnrfwbb2all5cnrz1,20200101000000,20381231235959,nrphone
testnrfwbb2brp1anrz1,20200101000000,20381231235959,nrphone
testnrfwbb2chc6anrz1,20200101000000,20381231235959,nrphone
testnrfwbb2chg3hnrz1,20200101000000,20381231235959,nrphone
testnrfwbb2chs1anrz1,20200101000000,20381231235959,nrphone
testnrfwbb2clo1anrz1,20200101000000,20381231235959,nrphone
testnrfwbb2dll7fnrz1,20200101000000,20381231235959,nrphone
testnrfwbb2dls3anrz1,20200101000000,20381231235959,nrphone
testnrfwbb2fro2enrz1,20200101000000,20381231235959,nrphone
testnrfwbb2frs2bnrz1,20200101000000,20381231235959,nrphone
testnrfwbb2grd2hnrz1,20200101000000,20381231235959,nrphone
testnrfwbb2gsv1anrz1,20200101000000,20381231235959,nrphone
testnrfwbb2knv2anrz1,20200101000000,20381231235959,nrphone
testnrfwbb2lsa4dnrz1,20200101000000,20381231235959,nrphone
testnrfwbb2lsv3anrz1,20200101000000,20381231235959,nrphone
testnrfwbb2mia2anrz1,20200101000000,20381231235959,nrphone
testnrfwbb2mlw1anrz1,20200101000000,20381231235959,nrphone
testnrfwbb2mrg1cnrz1,20200101000000,20381231235959,nrphone
testnrfwbb2orl1anrz1,20200101000000,20381231235959,nrphone
testnrfwbb2phn1anrz1,20200101000000,20381231235959,nrphone
testnrfwbb2ptl2bnrz1,20200101000000,20381231235959,nrphone
testnrfwbb2rcs3anrz1,20200101000000,20381231235959,nrphone
testnrfwbb2snb1anrz1,20200101000000,20381231235959,nrphone
testnrfwbb2snd3fnrz1,20200101000000,20381231235959,nrphone
testnrfwbb2spd1anrz1,20200101000000,20381231235959,nrphone
testnrfwbb2stt2enrz1,20200101000000,20381231235959,nrphone
testnrfwbb2tul2anrz1,20200101000000,20381231235959,nrphone
testnrfwbb2vnn2bnrz1,20200101000000,20381231235959,nrphone
testnrfwbb2wnc1bnrz1,20200101000000,20381231235959,nrphone
testnrfwbb2wnd4enrz1,20200101000000,20381231235959,nrphone
testnrfwbbnrz1,20200101000000,20381231235959,nrfwbb
testnrhotspotall5bnrz1,20200101000000,20381231235959,nrhotspot
testnrhotspotall5cnrz1,20200101000000,20381231235959,nrhotspot
testnrhotspotbrp1anrz1,20200101000000,20381231235959,nrhotspot
testnrhotspotchc6anrz1,20200101000000,20381231235959,nrhotspot
testnrhotspotchg3hnrz1,20200101000000,20381231235959,nrhotspot
testnrhotspotchs1anrz1,20200101000000,20381231235959,nrhotspot
testnrhotspotclo1anrz1,20200101000000,20381231235959,nrhotspot
testnrhotspotdll7fnrz1,20200101000000,20381231235959,nrhotspot
testnrhotspotdls3anrz1,20200101000000,20381231235959,nrhotspot
testnrhotspotfro2enrz1,20200101000000,20381231235959,nrhotspot
testnrhotspotfrs2bnrz1,20200101000000,20381231235959,nrhotspot
testnrhotspotgrd2hnrz1,20200101000000,20381231235959,nrhotspot
testnrhotspotgsv1anrz1,20200101000000,20381231235959,nrhotspot
testnrhotspotknv2anrz1,20200101000000,20381231235959,nrhotspot
testnrhotspotlsv3anrz1,20200101000000,20381231235959,nrhotspot
testnrhotspotmia2anrz1,20200101000000,20381231235959,nrhotspot
testnrhotspotmlw1anrz1,20200101000000,20381231235959,nrhotspot
testnrhotspotmrg1cnrz1,20200101000000,20381231235959,nrhotspot
testnrhotspotorl1anrz1,20200101000000,20381231235959,nrhotspot
testnrhotspotphn1anrz1,20200101000000,20381231235959,nrhotspot
testnrhotspotptl2bnrz1,20200101000000,20381231235959,nrhotspot
testnrhotspotsnb1anrz1,20200101000000,20381231235959,nrhotspot
testnrhotspotsnd3fnrz1,20200101000000,20381231235959,nrhotspot
testnrhotspottul2anrz1,20200101000000,20381231235959,nrhotspot
testnrhotspotvnn2bnrz1,20200101000000,20381231235959,nrhotspot
testnrhotspotwnc1bnrz1,20200101000000,20381231235959,nrhotspot
testnrhotspotwnd4enrz1,20200101000000,20381231235959,nrhotspot
testnrphoneall5bnrz1,20200101000000,20381231235959,nrphone
testnrphoneall5cnrz1,20200101000000,20381231235959,nrphone
testnrphonebrp1anrz1,20200101000000,20381231235959,nrphone
testnrphonechc6anrz1,20200101000000,20381231235959,nrphone
testnrphonechg3hnrz1,20200101000000,20381231235959,nrphone
testnrphonechs1anrz1,20200101000000,20381231235959,nrphone
testnrphoneclo1anrz1,20200101000000,20381231235959,nrphone
testnrphonedll7fnrz1,20200101000000,20381231235959,nrphone
testnrphonedls3anrz1,20200101000000,20381231235959,nrphone
testnrphonefro2enrz1,20200101000000,20381231235959,nrphone
testnrphonefrs2bnrz1,20200101000000,20381231235959,nrphone
testnrphonegrd2hnrz1,20200101000000,20381231235959,nrphone
testnrphonegsv1anrz1,20200101000000,20381231235959,nrphone
testnrphoneknv2anrz1,20200101000000,20381231235959,nrphone
testnrphonelsv3anrz1,20200101000000,20381231235959,nrphone
testnrphonemia2anrz1,20200101000000,20381231235959,nrphone
testnrphonemlw1anrz1,20200101000000,20381231235959,nrphone
testnrphonemrg1cnrz1,20200101000000,20381231235959,nrphone
testnrphoneorl1anrz1,20200101000000,20381231235959,nrphone
testnrphonephn1anrz1,20200101000000,20381231235959,nrphone
testnrphoneptl2bnrz1,20200101000000,20381231235959,nrphone
testnrphonesnb1anrz1,20200101000000,20381231235959,nrphone
testnrphonesnd3fnrz1,20200101000000,20381231235959,nrphone
testnrphonetul2anrz1,20200101000000,20381231235959,nrphone
testnrphonevnn2bnrz1,20200101000000,20381231235959,nrphone
testnrphonewnc1bnrz1,20200101000000,20381231235959,nrphone
testnrphonewnd4enrz1,20200101000000,20381231235959,nrphone
testonstarihu50926nrz1,20200101000000,20381231235959,onstarihu
testonstarihu50946nrz1,20200101000000,20381231235959,onstarihu
testonstarihu50951nrz1,20200101000000,20381231235959,onstarihu
testonstarihu52877nrz1,20200101000000,20381231235959,onstarihu
testonstarihu52879nrz1,20200101000000,20381231235959,onstarihu
testonstarihu52883nrz1,20200101000000,20381231235959,onstarihu
testonstarihu52889nrz1,20200101000000,20381231235959,onstarihu
testonstarihu52901nrz1,20200101000000,20381231235959,onstarihu
testonstarihunrz1,20200101000000,20381231235959,onstarihu
testonstarihuwnn2bnrz1,20200101000000,20381231235959,onstarihu
testonstarwf50926nrz1,20200101000000,20381231235959,onstarwifi
testonstarwf50946nrz1,20200101000000,20381231235959,onstarwifi
testonstarwf50951nrz1,20200101000000,20381231235959,onstarwifi
testonstarwf52877nrz1,20200101000000,20381231235959,onstarwifi
testonstarwf52879nrz1,20200101000000,20381231235959,onstarwifi
testonstarwf52883nrz1,20200101000000,20381231235959,onstarwifi
testonstarwf52889nrz1,20200101000000,20381231235959,onstarwifi
testonstarwf52901nrz1,20200101000000,20381231235959,onstarwifi
testonstarwfnrz1,20200101000000,20381231235959,onstarwifi
testonstarwfwnn2bnrz1,20200101000000,20381231235959,onstarwifi
testt3bsna2d.etr,20200101000000,20381231235959,onstar01.v6
testt3bwnd4g.etr,20200101000000,20381231235959,onstar01.v6
testnrphonepdp idnrz1,20200101000000,20381231235959,nrphone
testperfbbpdp idnrz1,20200101000000,20381231235959,nrhotspot
testperfbb583nrz1,20200101000000,20381231235959,nrhotspot
testperfbb586nrz1,20200101000000,20381231235959,nrhotspot
testperfbb580nrz1,20200101000000,20381231235959,nrhotspot
testperfbb581nrz1,20200101000000,20381231235959,nrhotspot
testperfbb592nrz1,20200101000000,20381231235959,nrhotspot
testperfbbnrz1,20200101000000,20381231235959,nrhotspot
testnrfwbbbnrz1,20200101000000,20381231235959,nrfwbb
testnrfwbbcnrz1,20200101000000,20381231235959,nrfwbb
t1stattest.etr,20200101000000,21001231235959,privateRouting5G
t2stattest.etr,20200101000000,21001231235959,privateRouting5G
testperfbbgsv1anrz1,20200101000000,20381231235959,nrhotspot
testperfbbchs1anrz1,20200101000000,20381231235959,nrhotspot
testperfbbbrp1anrz1,20200101000000,20381231235959,nrhotspot
testperfbball5cnrz1,20200101000000,20381231235959,nrhotspot
testperfbbdll7fnrz1,20200101000000,20381231235959,nrhotspot
testperfbbphn1anrz1,20200101000000,20381231235959,nrhotspot
testperfbbsnb1anrz1,20200101000000,20381231235959,nrhotspot
testperfbbfrs2bnrz1,20200101000000,20381231235959,nrhotspot
testperfbbwnd4enrz1,20200101000000,20381231235959,nrhotspot
testperfbborl1anrz1,20200101000000,20381231235959,nrhotspot
testperfbbknv2anrz1,20200101000000,20381231235959,nrhotspot
testperfbblsv3anrz1,20200101000000,20381231235959,nrhotspot
testperfbbmia2anrz1,20200101000000,20381231235959,nrhotspot
testperfbbmrg1cnrz1,20200101000000,20381231235959,nrhotspot
testperfbbwnc1bnrz1,20200101000000,20381231235959,nrhotspot
testperfbbclo1anrz1,20200101000000,20381231235959,nrhotspot
testperfbbspd1anrz1,20200101000000,20381231235959,nrhotspot
testperfbbdls3anrz1,20200101000000,20381231235959,nrhotspot
testperfbbrcs3anrz1,20200101000000,20381231235959,nrhotspot
testperfbball5bnrz1,20200101000000,20381231235959,nrhotspot
testperfbbtul2anrz1,20200101000000,20381231235959,nrhotspot
testperfbbchc6anrz1,20200101000000,20381231235959,nrhotspot
testperfbbchg3hnrz1,20200101000000,20381231235959,nrhotspot
testperfbbvnn2bnrz1,20200101000000,20381231235959,nrhotspot
testperfbbsnd3fnrz1,20200101000000,20381231235959,nrhotspot
testperfbblsa4dnrz1,20200101000000,20381231235959,nrhotspot
testperfbbgrd2hnrz1,20200101000000,20381231235959,nrhotspot
testperfbbstt2enrz1,20200101000000,20381231235959,nrhotspot
testperfbbptl2bnrz1,20200101000000,20381231235959,nrhotspot
testperfbbmlw1anrz1,20200101000000,20381231235959,nrhotspot
testperfbbfro2enrz1,20200101000000,20381231235959,nrhotspot
testnrfwbbbshp1bnrz1,20200101000000,20381231235959,nrfwbb
testnrfwbbcshp1bnrz1,20200101000000,20381231235959,nrfwbb
testnrfwbbbnwo2anrz1,20200101000000,20381231235959,nrfwbb
testnrfwbbcnwo2anrz1,20200101000000,20381231235959,nrfwbb
testnrfwbbbjcv2anrz1,20200101000000,20381231235959,nrfwbb
testnrfwbbcjcv2anrz1,20200101000000,20381231235959,nrfwbb
testnrfwbbbsnt4anrz1,20200101000000,20381231235959,nrfwbb
testnrfwbbcsnt4anrz1,20200101000000,20381231235959,nrfwbb
testnrfwbbbgsv1anrz1,20200101000000,20381231235959,nrfwbb
testnrfwbbcgsv1anrz1,20200101000000,20381231235959,nrfwbb
testnrfwbbbchs1anrz1,20200101000000,20381231235959,nrfwbb
testnrfwbbcchs1anrz1,20200101000000,20381231235959,nrfwbb
testnrfwbbbbrp1anrz1,20200101000000,20381231235959,nrfwbb
testnrfwbbcbrp1anrz1,20200101000000,20381231235959,nrfwbb
testnrfwbbball5cnrz1,20200101000000,20381231235959,nrfwbb
testnrfwbbcall5cnrz1,20200101000000,20381231235959,nrfwbb
testnrfwbbbdll7fnrz1,20200101000000,20381231235959,nrfwbb
testnrfwbbcdll7fnrz1,20200101000000,20381231235959,nrfwbb
testnrfwbbbphn1anrz1,20200101000000,20381231235959,nrfwbb
testnrfwbbcphn1anrz1,20200101000000,20381231235959,nrfwbb
testnrfwbbbsnb1anrz1,20200101000000,20381231235959,nrfwbb
testnrfwbbcsnb1anrz1,20200101000000,20381231235959,nrfwbb
testnrfwbbbfrs2bnrz1,20200101000000,20381231235959,nrfwbb
testnrfwbbcfrs2bnrz1,20200101000000,20381231235959,nrfwbb
testnrfwbbbwnd4enrz1,20200101000000,20381231235959,nrfwbb
testnrfwbbcwnd4enrz1,20200101000000,20381231235959,nrfwbb
testnrfwbbborl1anrz1,20200101000000,20381231235959,nrfwbb
testnrfwbbcorl1anrz1,20200101000000,20381231235959,nrfwbb
testnrfwbbbknv2anrz1,20200101000000,20381231235959,nrfwbb
testnrfwbbcknv2anrz1,20200101000000,20381231235959,nrfwbb
testnrfwbbblsv3anrz1,20200101000000,20381231235959,nrfwbb
testnrfwbbclsv3anrz1,20200101000000,20381231235959,nrfwbb
testnrfwbbbmia2anrz1,20200101000000,20381231235959,nrfwbb
testnrfwbbcmia2anrz1,20200101000000,20381231235959,nrfwbb
testnrfwbbbmrg1cnrz1,20200101000000,20381231235959,nrfwbb
testnrfwbbcmrg1cnrz1,20200101000000,20381231235959,nrfwbb
testnrfwbbbwnc1bnrz1,20200101000000,20381231235959,nrfwbb
testnrfwbbcwnc1bnrz1,20200101000000,20381231235959,nrfwbb
testnrfwbbbwah2gnrz1,20200101000000,20381231235959,nrfwbb
testnrfwbbcwah2gnrz1,20200101000000,20381231235959,nrfwbb
testnrfwbbbclo1anrz1,20200101000000,20381231235959,nrfwbb
testnrfwbbcclo1anrz1,20200101000000,20381231235959,nrfwbb
testnrfwbbbspd1anrz1,20200101000000,20381231235959,nrfwbb
testnrfwbbcspd1anrz1,20200101000000,20381231235959,nrfwbb
testnrfwbbbdls3anrz1,20200101000000,20381231235959,nrfwbb
testnrfwbbcdls3anrz1,20200101000000,20381231235959,nrfwbb
testnrfwbbbrcs3anrz1,20200101000000,20381231235959,nrfwbb
testnrfwbbcrcs3anrz1,20200101000000,20381231235959,nrfwbb
testnrfwbbball5bnrz1,20200101000000,20381231235959,nrfwbb
testnrfwbbcall5bnrz1,20200101000000,20381231235959,nrfwbb
testnrfwbbbtul2anrz1,20200101000000,20381231235959,nrfwbb
testnrfwbbctul2anrz1,20200101000000,20381231235959,nrfwbb
testnrfwbbbchc6anrz1,20200101000000,20381231235959,nrfwbb
testnrfwbbcchc6anrz1,20200101000000,20381231235959,nrfwbb
testnrfwbbbchg3hnrz1,20200101000000,20381231235959,nrfwbb
testnrfwbbcchg3hnrz1,20200101000000,20381231235959,nrfwbb
testnrfwbbbvnn2bnrz1,20200101000000,20381231235959,nrfwbb
testnrfwbbcvnn2bnrz1,20200101000000,20381231235959,nrfwbb
testnrfwbbbsnd3fnrz1,20200101000000,20381231235959,nrfwbb
testnrfwbbcsnd3fnrz1,20200101000000,20381231235959,nrfwbb
testnrfwbbblsa4dnrz1,20200101000000,20381231235959,nrfwbb
testnrfwbbclsa4dnrz1,20200101000000,20381231235959,nrfwbb
testnrfwbbbgrd2hnrz1,20200101000000,20381231235959,nrfwbb
testnrfwbbcgrd2hnrz1,20200101000000,20381231235959,nrfwbb
testnrfwbbbstt2enrz1,20200101000000,20381231235959,nrfwbb
testnrfwbbbptl2bnrz1,20200101000000,20381231235959,nrfwbb
testnrfwbbcptl2bnrz1,20200101000000,20381231235959,nrfwbb
testnrfwbbbmlw1anrz1,20200101000000,20381231235959,nrfwbb
testnrfwbbcmlw1anrz1,20200101000000,20381231235959,nrfwbb
testnrfwbbbfro2enrz1,20200101000000,20381231235959,nrfwbb
testnrfwbbcfro2enrz1,20200101000000,20381231235959,nrfwbb
testnrphoneaon,20200101000000,20381231235959,nrphone
testnrfwbbnwo2anrz1,20200101000000,20381231235959,nrphone
testimsaon,20200101000000,20381231235959,ims
test5gcbbandgsv1anrz1,20200101000000,20381231235959,5gcbroadband
test5gcbbandchs1anrz1,20200101000000,20381231235959,5gcbroadband
test5gcbbandbrp1anrz1,20200101000000,20381231235959,5gcbroadband
test5gcbbandall5cnrz1,20200101000000,20381231235959,5gcbroadband
test5gcbbanddll7fnrz1,20200101000000,20381231235959,5gcbroadband
test5gcbbandphn1anrz1,20200101000000,20381231235959,5gcbroadband
test5gcbbandsnb1anrz1,20200101000000,20381231235959,5gcbroadband
test5gcbbandfrs2bnrz1,20200101000000,20381231235959,5gcbroadband
test5gcbbandwnd4enrz1,20200101000000,20381231235959,5gcbroadband
test5gcbbandorl1anrz1,20200101000000,20381231235959,5gcbroadband
test5gcbbandknv2anrz1,20200101000000,20381231235959,5gcbroadband
test5gcbbandlsv3anrz1,20200101000000,20381231235959,5gcbroadband
test5gcbbandmia2anrz1,20200101000000,20381231235959,5gcbroadband
test5gcbbandmrg1cnrz1,20200101000000,20381231235959,5gcbroadband
test5gcbbandwnc1bnrz1,20200101000000,20381231235959,5gcbroadband
test5gcbbandclo1anrz1,20200101000000,20381231235959,5gcbroadband
test5gcbbandspd1anrz1,20200101000000,20381231235959,5gcbroadband
test5gcbbanddls3anrz1,20200101000000,20381231235959,5gcbroadband
test5gcbbandrcs3anrz1,20200101000000,20381231235959,5gcbroadband
test5gcbbandall5bnrz1,20200101000000,20381231235959,5gcbroadband
test5gcbbandtul2anrz1,20200101000000,20381231235959,5gcbroadband
test5gcbbandchc6anrz1,20200101000000,20381231235959,5gcbroadband
test5gcbbandchg3hnrz1,20200101000000,20381231235959,5gcbroadband
test5gcbbandvnn2bnrz1,20200101000000,20381231235959,5gcbroadband
test5gcbbandsnd3fnrz1,20200101000000,20381231235959,5gcbroadband
test5gcbbandgrd2hnrz1,20200101000000,20381231235959,5gcbroadband
test5gcbbandstt2enrz1,20200101000000,20381231235959,5gcbroadband
test5gcbbandptl2bnrz1,20200101000000,20381231235959,5gcbroadband
test5gcbbandmlw1anrz1,20200101000000,20381231235959,5gcbroadband
test5gcbbandfro2enrz1,20200101000000,20381231235959,5gcbroadband
testonstarwfgsv1anrz1,20200101000000,20381231235959,onstarwifi
testonstarihugsv1anrz1,20200101000000,20381231235959,onstarihu
testonstarwfchs1anrz1,20200101000000,20381231235959,onstarwifi
testonstarihuchs1anrz1,20200101000000,20381231235959,onstarihu
testonstarwfbrp1anrz1,20200101000000,20381231235959,onstarwifi
testonstarihubrp1anrz1,20200101000000,20381231235959,onstarihu
testonstarwfall5cnrz1,20200101000000,20381231235959,onstarwifi
testonstarihuall5cnrz1,20200101000000,20381231235959,onstarihu
testonstarwfdll7fnrz1,20200101000000,20381231235959,onstarwifi
testonstarihudll7fnrz1,20200101000000,20381231235959,onstarihu
testonstarwfphn1anrz1,20200101000000,20381231235959,onstarwifi
testonstarihuphn1anrz1,20200101000000,20381231235959,onstarihu
testonstarwfsnb1anrz1,20200101000000,20381231235959,onstarwifi
testonstarihusnb1anrz1,20200101000000,20381231235959,onstarihu
testonstarwffrs2bnrz1,20200101000000,20381231235959,onstarwifi
testonstarihufrs2bnrz1,20200101000000,20381231235959,onstarihu
testonstarwfwnd4enrz1,20200101000000,20381231235959,onstarwifi
testonstarihuwnd4enrz1,20200101000000,20381231235959,onstarihu
testonstarwforl1anrz1,20200101000000,20381231235959,onstarwifi
testonstarihuorl1anrz1,20200101000000,20381231235959,onstarihu
testonstarwfknv2anrz1,20200101000000,20381231235959,onstarwifi
testonstarihuknv2anrz1,20200101000000,20381231235959,onstarihu
testonstarwflsv3anrz1,20200101000000,20381231235959,onstarwifi
testonstarihulsv3anrz1,20200101000000,20381231235959,onstarihu
testonstarwfmia2anrz1,20200101000000,20381231235959,onstarwifi
testonstarihumia2anrz1,20200101000000,20381231235959,onstarihu
testonstarwfmrg1cnrz1,20200101000000,20381231235959,onstarwifi
testonstarihumrg1cnrz1,20200101000000,20381231235959,onstarihu
testonstarwfwnc1bnrz1,20200101000000,20381231235959,onstarwifi
testonstarihuwnc1bnrz1,20200101000000,20381231235959,onstarihu
testonstarwfclo1anrz1,20200101000000,20381231235959,onstarwifi
testonstarihuclo1anrz1,20200101000000,20381231235959,onstarihu
testonstarwfspd1anrz1,20200101000000,20381231235959,onstarwifi
testonstarihuspd1anrz1,20200101000000,20381231235959,onstarihu
testonstarwfdls3anrz1,20200101000000,20381231235959,onstarwifi
testonstarihudls3anrz1,20200101000000,20381231235959,onstarihu
testonstarwfrcs3anrz1,20200101000000,20381231235959,onstarwifi
testonstarihurcs3anrz1,20200101000000,20381231235959,onstarihu
testonstarwfall5bnrz1,20200101000000,20381231235959,onstarwifi
testonstarihuall5bnrz1,20200101000000,20381231235959,onstarihu
testonstarwftul2anrz1,20200101000000,20381231235959,onstarwifi
testonstarihutul2anrz1,20200101000000,20381231235959,onstarihu
testonstarwfchc6anrz1,20200101000000,20381231235959,onstarwifi
testonstarihuchc6anrz1,20200101000000,20381231235959,onstarihu
testonstarwfchg3hnrz1,20200101000000,20381231235959,onstarwifi
testonstarihuchg3hnrz1,20200101000000,20381231235959,onstarihu
testonstarwfsnd3fnrz1,20200101000000,20381231235959,onstarwifi
testonstarihusnd3fnrz1,20200101000000,20381231235959,onstarihu
testonstarwfgrd2hnrz1,20200101000000,20381231235959,onstarwifi
testonstarihugrd2hnrz1,20200101000000,20381231235959,onstarihu
testonstarwfstt2enrz1,20200101000000,20381231235959,onstarwifi
testonstarihustt2enrz1,20200101000000,20381231235959,onstarihu
testonstarwfptl2bnrz1,20200101000000,20381231235959,onstarwifi
testonstarihuptl2bnrz1,20200101000000,20381231235959,onstarihu
testonstarwfmlw1anrz1,20200101000000,20381231235959,onstarwifi
testonstarihumlw1anrz1,20200101000000,20381231235959,onstarihu
testonstarwffro2enrz1,20200101000000,20381231235959,onstarwifi
testonstarihufro2enrz1,20200101000000,20381231235959,onstarihu
testnrfwbbsnt4anrz1,20200101000000,20381231235959,nrfwbb
testnrfwbbgsv1anrz1,20200101000000,20381231235959,nrfwbb
testnrfwbbchs1anrz1,20200101000000,20381231235959,nrfwbb
testnrfwbbbrp1anrz1,20200101000000,20381231235959,nrfwbb
testnrfwbball5cnrz1,20200101000000,20381231235959,nrfwbb
testnrfwbbdll7fnrz1,20200101000000,20381231235959,nrfwbb
testnrfwbbphn1anrz1,20200101000000,20381231235959,nrfwbb
testnrfwbbsnb1anrz1,20200101000000,20381231235959,nrfwbb
testnrfwbbfrs2bnrz1,20200101000000,20381231235959,nrfwbb
nrfwbb-b,20200101000000,20381231235959,nrfwbb
nrfwbb-c,20200101000000,20381231235959,nrfwbb
testxrintvnn2bnrz1,20200101000000,20381231235959,xrinteractive
testxrintsnd3fnrz1,20200101000000,20381231235959,xrinteractive
testxrintwnd4enrz1,20200101000000,20381231235959,xrinteractive
testxrintorl1anrz1,20200101000000,20381231235959,xrinteractive
testxrintmia2anrz1,20200101000000,20381231235959,xrinteractive
testxrintmrg1cnrz1,20200101000000,20381231235959,xrinteractive
testxrintdls3anrz1,20200101000000,20381231235959,xrinteractive
testxrintrcs3anrz1,20200101000000,20381231235959,xrinteractive
testxrintchc6anrz1,20200101000000,20381231235959,xrinteractive
testxrintchg3hnrz1,20200101000000,20381231235959,xrinteractive
testnrphonejcv2dnrz1,20200101000000,20381231235959,nrphone
testnrhotspotjcv2dnrz1,20200101000000,20381231235959,nrhotspot
test5gcbbandjcv2dnrz1,20200101000000,20381231235959,5gcbroadband
testnrfwbb2jcv2dnrz1,20200101000000,20381231235959,nrphone
testimsjcv2dnrz1,20200101000000,20381231235959,ims
testperfbbjcv2dnrz1,20200101000000,20381231235959,nrhotspot
testxrintjcv2dnrz1,20200101000000,20381231235959,xrinteractive
testnrphonemob1bnrz1,20200101000000,20381231235959,nrphone
testnrhotspotmob1bnrz1,20200101000000,20381231235959,nrhotspot
test5gcbbandmob1bnrz1,20200101000000,20381231235959,5gcbroadband
testnrfwbb2mob1bnrz1,20200101000000,20381231235959,nrphone
testimsmob1bnrz1,20200101000000,20381231235959,ims
testperfbbmob1bnrz1,20200101000000,20381231235959,nrhotspot
testxrintmob1bnrz1,20200101000000,20381231235959,xrinteractive
testnrphonecmb1bnrz1,20200101000000,20381231235959,nrphone
testnrhotspotcmb1bnrz1,20200101000000,20381231235959,nrhotspot
test5gcbbandcmb1bnrz1,20200101000000,20381231235959,5gcbroadband
testnrfwbb2cmb1bnrz1,20200101000000,20381231235959,nrphone
testimscmb1bnrz1,20200101000000,20381231235959,ims
testperfbbcmb1bnrz1,20200101000000,20381231235959,nrhotspot
testxrintcmb1bnrz1,20200101000000,20381231235959,xrinteractive
testnrfwbb2avo1anrz1,20200101000000,20381231235959,nrphone
testperfbbavo1anrz1,20200101000000,20381231235959,nrhotspot
testxrintavo1anrz1,20200101000000,20381231235959,xrinteractive
testnrphoneatl3bnrz1,20200101000000,20381231235959,nrphone
testnrhotspotatl3bnrz1,20200101000000,20381231235959,nrhotspot
test5gcbbandatl3bnrz1,20200101000000,20381231235959,5gcbroadband
testnrfwbb2atl3bnrz1,20200101000000,20381231235959,nrphone
testimsatl3bnrz1,20200101000000,20381231235959,ims
testperfbbatl3bnrz1,20200101000000,20381231235959,nrhotspot
testxrintatl3bnrz1,20200101000000,20381231235959,xrinteractive
testnrphonechr1dnrz1,20200101000000,20381231235959,nrphone
testnrhotspotchr1dnrz1,20200101000000,20381231235959,nrhotspot
test5gcbbandchr1dnrz1,20200101000000,20381231235959,5gcbroadband
testnrfwbb2chr1dnrz1,20200101000000,20381231235959,nrphone
testimschr1dnrz1,20200101000000,20381231235959,ims
testperfbbchr1dnrz1,20200101000000,20381231235959,nrhotspot
testxrintchr1dnrz1,20200101000000,20381231235959,xrinteractive
testxrintwhp3gnrz1,20200101000000,20381231235959,xrinteractive
testnrphonenyc4bnrz1,20200101000000,20381231235959,nrphone
testnrhotspotnyc4bnrz1,20200101000000,20381231235959,nrhotspot
test5gcbbandnyc4bnrz1,20200101000000,20381231235959,5gcbroadband
testnrfwbb2nyc4bnrz1,20200101000000,20381231235959,nrphone
testimsnyc4bnrz1,20200101000000,20381231235959,ims
testperfbbnyc4bnrz1,20200101000000,20381231235959,nrhotspot
testxrintnyc4bnrz1,20200101000000,20381231235959,xrinteractive
testnrphonenrf1bnrz1,20200101000000,20381231235959,nrphone
testnrhotspotnrf1bnrz1,20200101000000,20381231235959,nrhotspot
test5gcbbandnrf1bnrz1,20200101000000,20381231235959,5gcbroadband
testnrfwbb2nrf1bnrz1,20200101000000,20381231235959,nrphone
testimsnrf1bnrz1,20200101000000,20381231235959,ims
testperfbbnrf1bnrz1,20200101000000,20381231235959,nrhotspot
testxrintnrf1bnrz1,20200101000000,20381231235959,xrinteractive
test5gcbbandwas4anrz1,20200101000000,20381231235959,5gcbroadband
testnrfwbb2was4anrz1,20200101000000,20381231235959,nrphone
testperfbbwas4anrz1,20200101000000,20381231235959,nrhotspot
testxrintwas4anrz1,20200101000000,20381231235959,xrinteractive
testnrphonepxt1anrz1,20200101000000,20381231235959,nrphone
testnrhotspotpxt1anrz1,20200101000000,20381231235959,nrhotspot
test5gcbbandpxt1anrz1,20200101000000,20381231235959,5gcbroadband
testnrfwbb2pxt1anrz1,20200101000000,20381231235959,nrphone
testimspxt1anrz1,20200101000000,20381231235959,ims
testperfbbpxt1anrz1,20200101000000,20381231235959,nrhotspot
testxrintpxt1anrz1,20200101000000,20381231235959,xrinteractive
testnrphonepit1bnrz1,20200101000000,20381231235959,nrphone
testnrhotspotpit1bnrz1,20200101000000,20381231235959,nrhotspot
test5gcbbandpit1bnrz1,20200101000000,20381231235959,5gcbroadband
testnrfwbb2pit1bnrz1,20200101000000,20381231235959,nrphone
testimspit1bnrz1,20200101000000,20381231235959,ims
testperfbbpit1bnrz1,20200101000000,20381231235959,nrhotspot
testxrintpit1bnrz1,20200101000000,20381231235959,xrinteractive
testnrfwbb2dtr1bnrz1,20200101000000,20381231235959,nrphone
testperfbbdtr1bnrz1,20200101000000,20381231235959,nrhotspot
testxrintdtr1bnrz1,20200101000000,20381231235959,xrinteractive
testnrphonemiw1anrz1,20200101000000,20381231235959,nrphone
testnrhotspotmiw1anrz1,20200101000000,20381231235959,nrhotspot
test5gcbbandmiw1anrz1,20200101000000,20381231235959,5gcbroadband
testnrfwbb2miw1anrz1,20200101000000,20381231235959,nrphone
testimsmiw1anrz1,20200101000000,20381231235959,ims
testperfbbmiw1anrz1,20200101000000,20381231235959,nrhotspot
testxrintmiw1anrz1,20200101000000,20381231235959,xrinteractive
testnrphonemnv1anrz1,20200101000000,20381231235959,nrphone
testnrhotspotmnv1anrz1,20200101000000,20381231235959,nrhotspot
test5gcbbandmnv1anrz1,20200101000000,20381231235959,5gcbroadband
testnrfwbb2mnv1anrz1,20200101000000,20381231235959,nrphone
testimsmnv1anrz1,20200101000000,20381231235959,ims
testperfbbmnv1anrz1,20200101000000,20381231235959,nrhotspot
testxrintmnv1anrz1,20200101000000,20381231235959,xrinteractive
testnrphonehst7dnrz1,20200101000000,20381231235959,nrphone
testnrhotspothst7dnrz1,20200101000000,20381231235959,nrhotspot
test5gcbbandhst7dnrz1,20200101000000,20381231235959,5gcbroadband
testnrfwbb2hst7dnrz1,20200101000000,20381231235959,nrphone
testimshst7dnrz1,20200101000000,20381231235959,ims
testperfbbhst7dnrz1,20200101000000,20381231235959,nrhotspot
testxrinthst7dnrz1,20200101000000,20381231235959,xrinteractive
testnrphonescb1bnrz1,20200101000000,20381231235959,nrphone
testnrhotspotscb1bnrz1,20200101000000,20381231235959,nrhotspot
test5gcbbandscb1bnrz1,20200101000000,20381231235959,5gcbroadband
testnrfwbb2scb1bnrz1,20200101000000,20381231235959,nrphone
testimsscb1bnrz1,20200101000000,20381231235959,ims
testperfbbscb1bnrz1,20200101000000,20381231235959,nrhotspot
testxrintscb1bnrz1,20200101000000,20381231235959,xrinteractive
testnrphonetol2cnrz1,20200101000000,20381231235959,nrphone
testnrhotspottol2cnrz1,20200101000000,20381231235959,nrhotspot
test5gcbbandtol2cnrz1,20200101000000,20381231235959,5gcbroadband
testnrfwbb2tol2cnrz1,20200101000000,20381231235959,nrphone
testimstol2cnrz1,20200101000000,20381231235959,ims
testperfbbtol2cnrz1,20200101000000,20381231235959,nrhotspot
testxrinttol2cnrz1,20200101000000,20381231235959,xrinteractive
testnrphonelnn2anrz1,20200101000000,20381231235959,nrphone
testnrhotspotlnn2anrz1,20200101000000,20381231235959,nrhotspot
test5gcbbandlnn2anrz1,20200101000000,20381231235959,5gcbroadband
testnrfwbb2lnn2anrz1,20200101000000,20381231235959,nrphone
testimslnn2anrz1,20200101000000,20381231235959,ims
testperfbblnn2anrz1,20200101000000,20381231235959,nrhotspot
testxrintlnn2anrz1,20200101000000,20381231235959,xrinteractive
testnrphonelnn2bnrz1,20200101000000,20381231235959,nrphone
testnrhotspotlnn2bnrz1,20200101000000,20381231235959,nrhotspot
test5gcbbandlnn2bnrz1,20200101000000,20381231235959,5gcbroadband
testnrfwbb2lnn2bnrz1,20200101000000,20381231235959,nrphone
testimslnn2bnrz1,20200101000000,20381231235959,ims
testperfbblnn2bnrz1,20200101000000,20381231235959,nrhotspot
testxrintlnn2bnrz1,20200101000000,20381231235959,xrinteractive
testnrphonesna2bnrz1,20200101000000,20381231235959,nrphone
testnrhotspotsna2bnrz1,20200101000000,20381231235959,nrhotspot
test5gcbbandsna2bnrz1,20200101000000,20381231235959,5gcbroadband
testnrfwbb2sna2bnrz1,20200101000000,20381231235959,nrphone
testimssna2bnrz1,20200101000000,20381231235959,ims
testperfbbsna2bnrz1,20200101000000,20381231235959,nrhotspot
testxrintsna2bnrz1,20200101000000,20381231235959,xrinteractive
testnrphonehst5cnrz1,20200101000000,20381231235959,nrphone
testnrhotspothst5cnrz1,20200101000000,20381231235959,nrhotspot
test5gcbbandhst5cnrz1,20200101000000,20381231235959,5gcbroadband
testnrfwbb2hst5cnrz1,20200101000000,20381231235959,nrphone
testimshst5cnrz1,20200101000000,20381231235959,ims
testperfbbhst5cnrz1,20200101000000,20381231235959,nrhotspot
testxrinthst5cnrz1,20200101000000,20381231235959,xrinteractive
testnrphonednv2fnrz1,20200101000000,20381231235959,nrphone
testnrhotspotdnv2fnrz1,20200101000000,20381231235959,nrhotspot
test5gcbbanddnv2fnrz1,20200101000000,20381231235959,5gcbroadband
testnrfwbb2dnv2fnrz1,20200101000000,20381231235959,nrphone
testimsdnv2fnrz1,20200101000000,20381231235959,ims
testperfbbdnv2fnrz1,20200101000000,20381231235959,nrhotspot
testxrintdnv2fnrz1,20200101000000,20381231235959,xrinteractive
testnrphonedes1bnrz1,20200101000000,20381231235959,nrphone
testnrhotspotdes1bnrz1,20200101000000,20381231235959,nrhotspot
test5gcbbanddes1bnrz1,20200101000000,20381231235959,5gcbroadband
testnrfwbb2des1bnrz1,20200101000000,20381231235959,nrphone
testimsdes1bnrz1,20200101000000,20381231235959,ims
testperfbbdes1bnrz1,20200101000000,20381231235959,nrhotspot
testxrintdes1bnrz1,20200101000000,20381231235959,xrinteractive
testxrintalb1cnrz1,20200101000000,20381231235959,xrinteractive
testnrfwbb2slk1bnrz1,20200101000000,20381231235959,nrphone
testperfbbslk1bnrz1,20200101000000,20381231235959,nrhotspot
testxrintslk1bnrz1,20200101000000,20381231235959,xrinteractive
testnrphonegrd2anrz1,20200101000000,20381231235959,nrphone
testnrhotspotgrd2anrz1,20200101000000,20381231235959,nrhotspot
test5gcbbandgrd2anrz1,20200101000000,20381231235959,5gcbroadband
testnrfwbb2grd2anrz1,20200101000000,20381231235959,nrphone
testimsgrd2anrz1,20200101000000,20381231235959,ims
testperfbbgrd2anrz1,20200101000000,20381231235959,nrhotspot
testxrintgrd2anrz1,20200101000000,20381231235959,xrinteractive
testnrphonesnb1cnrz1,20200101000000,20381231235959,nrphone
testnrhotspotsnb1cnrz1,20200101000000,20381231235959,nrhotspot
test5gcbbandsnb1cnrz1,20200101000000,20381231235959,5gcbroadband
testnrfwbb2snb1cnrz1,20200101000000,20381231235959,nrphone
testimssnb1cnrz1,20200101000000,20381231235959,ims
testperfbbsnb1cnrz1,20200101000000,20381231235959,nrhotspot
testxrintsnb1cnrz1,20200101000000,20381231235959,xrinteractive
testnrphonetac1dnrz1,20200101000000,20381231235959,nrphone
testnrhotspottac1dnrz1,20200101000000,20381231235959,nrhotspot
test5gcbbandtac1dnrz1,20200101000000,20381231235959,5gcbroadband
testnrfwbb2tac1dnrz1,20200101000000,20381231235959,nrphone
testimstac1dnrz1,20200101000000,20381231235959,ims
testperfbbtac1dnrz1,20200101000000,20381231235959,nrhotspot
testxrinttac1dnrz1,20200101000000,20381231235959,xrinteractive
testnrphonelso1bnrz1,20200101000000,20381231235959,nrphone
testnrhotspotlso1bnrz1,20200101000000,20381231235959,nrhotspot
test5gcbbandlso1bnrz1,20200101000000,20381231235959,5gcbroadband
testnrfwbb2lso1bnrz1,20200101000000,20381231235959,nrphone
testimslso1bnrz1,20200101000000,20381231235959,ims
testperfbblso1bnrz1,20200101000000,20381231235959,nrhotspot
testxrintlso1bnrz1,20200101000000,20381231235959,xrinteractive
testnrphonelsa5enrz1,20200101000000,20381231235959,nrphone
testnrhotspotlsa5enrz1,20200101000000,20381231235959,nrhotspot
test5gcbbandlsa5enrz1,20200101000000,20381231235959,5gcbroadband
testnrfwbb2lsa5enrz1,20200101000000,20381231235959,nrphone
testimslsa5enrz1,20200101000000,20381231235959,ims
testperfbblsa5enrz1,20200101000000,20381231235959,nrhotspot
testxrintlsa5enrz1,20200101000000,20381231235959,xrinteractive
testnrphonevnn2enrz1,20200101000000,20381231235959,nrphone
testnrhotspotvnn2enrz1,20200101000000,20381231235959,nrhotspot
test5gcbbandvnn2enrz1,20200101000000,20381231235959,5gcbroadband
testnrfwbb2vnn2enrz1,20200101000000,20381231235959,nrphone
testimsvnn2enrz1,20200101000000,20381231235959,ims
testperfbbvnn2enrz1,20200101000000,20381231235959,nrhotspot
testxrintvnn2enrz1,20200101000000,20381231235959,xrinteractive
testnrphonecnc2cnrz1,20200101000000,20381231235959,nrphone
testnrhotspotcnc2cnrz1,20200101000000,20381231235959,nrhotspot
test5gcbbandcnc2cnrz1,20200101000000,20381231235959,5gcbroadband
testnrfwbb2cnc2cnrz1,20200101000000,20381231235959,nrphone
testimscnc2cnrz1,20200101000000,20381231235959,ims
testperfbbcnc2cnrz1,20200101000000,20381231235959,nrhotspot
testxrintcnc2cnrz1,20200101000000,20381231235959,xrinteractive
testnrphoneokl2anrz1,20200101000000,20381231235959,nrphone
testnrhotspotokl2anrz1,20200101000000,20381231235959,nrhotspot
test5gcbbandokl2anrz1,20200101000000,20381231235959,5gcbroadband
testnrfwbb2okl2anrz1,20200101000000,20381231235959,nrphone
testimsokl2anrz1,20200101000000,20381231235959,ims
testperfbbokl2anrz1,20200101000000,20381231235959,nrhotspot
testxrintokl2anrz1,20200101000000,20381231235959,xrinteractive
testnrphonesnd3anrz1,20200101000000,20381231235959,nrphone
testnrhotspotsnd3anrz1,20200101000000,20381231235959,nrhotspot
test5gcbbandsnd3anrz1,20200101000000,20381231235959,5gcbroadband
testnrfwbb2snd3anrz1,20200101000000,20381231235959,nrphone
testimssnd3anrz1,20200101000000,20381231235959,ims
testperfbbsnd3anrz1,20200101000000,20381231235959,nrhotspot
testxrintsnd3anrz1,20200101000000,20381231235959,xrinteractive
testnrphonesnd5anrz1,20200101000000,20381231235959,nrphone
testnrhotspotsnd5anrz1,20200101000000,20381231235959,nrhotspot
test5gcbbandsnd5anrz1,20200101000000,20381231235959,5gcbroadband
testnrfwbb2snd5anrz1,20200101000000,20381231235959,nrphone
testimssnd5anrz1,20200101000000,20381231235959,ims
testperfbbsnd5anrz1,20200101000000,20381231235959,nrhotspot
testxrintsnd5anrz1,20200101000000,20381231235959,xrinteractive
testonstarwfjcv2dnrz1,20200101000000,20381231235959,onstarwifi
testonstarihujcv2dnrz1,20200101000000,20381231235959,onstarihu
testonstarwfmob1bnrz1,20200101000000,20381231235959,onstarwifi
testonstarihumob1bnrz1,20200101000000,20381231235959,onstarihu
testonstarwfcmb1bnrz1,20200101000000,20381231235959,onstarwifi
testonstarihucmb1bnrz1,20200101000000,20381231235959,onstarihu
testonstarwfatl3bnrz1,20200101000000,20381231235959,onstarwifi
testonstarihuatl3bnrz1,20200101000000,20381231235959,onstarihu
testonstarwfchr1dnrz1,20200101000000,20381231235959,onstarwifi
testonstarihuchr1dnrz1,20200101000000,20381231235959,onstarihu
testonstarwfnyc4bnrz1,20200101000000,20381231235959,onstarwifi
testonstarihunyc4bnrz1,20200101000000,20381231235959,onstarihu
testonstarwfnrf1bnrz1,20200101000000,20381231235959,onstarwifi
testonstarihunrf1bnrz1,20200101000000,20381231235959,onstarihu
testonstarwfwas4anrz1,20200101000000,20381231235959,onstarwifi
testonstarihuwas4anrz1,20200101000000,20381231235959,onstarihu
testonstarwfpxt1anrz1,20200101000000,20381231235959,onstarwifi
testonstarihupxt1anrz1,20200101000000,20381231235959,onstarihu
testonstarwfpit1bnrz1,20200101000000,20381231235959,onstarwifi
testonstarihupit1bnrz1,20200101000000,20381231235959,onstarihu
testonstarwfmiw1anrz1,20200101000000,20381231235959,onstarwifi
testonstarihumiw1anrz1,20200101000000,20381231235959,onstarihu
testonstarwfmnv1anrz1,20200101000000,20381231235959,onstarwifi
testonstarihumnv1anrz1,20200101000000,20381231235959,onstarihu
testonstarwfhst7dnrz1,20200101000000,20381231235959,onstarwifi
testonstarihuhst7dnrz1,20200101000000,20381231235959,onstarihu
testonstarwfscb1bnrz1,20200101000000,20381231235959,onstarwifi
testonstarihuscb1bnrz1,20200101000000,20381231235959,onstarihu
testonstarwftol2cnrz1,20200101000000,20381231235959,onstarwifi
testonstarihutol2cnrz1,20200101000000,20381231235959,onstarihu
testonstarwflnn2anrz1,20200101000000,20381231235959,onstarwifi
testonstarihulnn2anrz1,20200101000000,20381231235959,onstarihu
testonstarwflnn2bnrz1,20200101000000,20381231235959,onstarwifi
testonstarihulnn2bnrz1,20200101000000,20381231235959,onstarihu
testonstarwfhst5cnrz1,20200101000000,20381231235959,onstarwifi
testonstarihuhst5cnrz1,20200101000000,20381231235959,onstarihu
testonstarwfdnv2fnrz1,20200101000000,20381231235959,onstarwifi
testonstarihudnv2fnrz1,20200101000000,20381231235959,onstarihu
testonstarwfdes1bnrz1,20200101000000,20381231235959,onstarwifi
testonstarihudes1bnrz1,20200101000000,20381231235959,onstarihu
testonstarwfgrd2anrz1,20200101000000,20381231235959,onstarwifi
testonstarihugrd2anrz1,20200101000000,20381231235959,onstarihu
testonstarwfsnb1cnrz1,20200101000000,20381231235959,onstarwifi
testonstarihusnb1cnrz1,20200101000000,20381231235959,onstarihu
testonstarwftac1dnrz1,20200101000000,20381231235959,onstarwifi
testonstarihutac1dnrz1,20200101000000,20381231235959,onstarihu
testonstarwflso1bnrz1,20200101000000,20381231235959,onstarwifi
testonstarihulso1bnrz1,20200101000000,20381231235959,onstarihu
testonstarwflsa5enrz1,20200101000000,20381231235959,onstarwifi
testonstarihulsa5enrz1,20200101000000,20381231235959,onstarihu
testonstarwfvnn2enrz1,20200101000000,20381231235959,onstarwifi
testonstarihuvnn2enrz1,20200101000000,20381231235959,onstarihu
testonstarwfcnc2cnrz1,20200101000000,20381231235959,onstarwifi
testonstarihucnc2cnrz1,20200101000000,20381231235959,onstarihu
testonstarwfokl2anrz1,20200101000000,20381231235959,onstarwifi
testonstarihuokl2anrz1,20200101000000,20381231235959,onstarihu
testonstarwfsnd3anrz1,20200101000000,20381231235959,onstarwifi
testonstarihusnd3anrz1,20200101000000,20381231235959,onstarihu
testonstarwfsnd5anrz1,20200101000000,20381231235959,onstarwifi
testonstarihusnd5anrz1,20200101000000,20381231235959,onstarihu
testt3bchg4c.etr,20200101000000,20381231235959,privateRouting5G
testt3bsnc2g.etr,20200101000000,20381231235959,privateRouting5G
testnrfwbbbjcv2dnrz1,20200101000000,20381231235959,nrfwbb
testnrfwbbcjcv2dnrz1,20200101000000,20381231235959,nrfwbb
testnrfwbbbmob1bnrz1,20200101000000,20381231235959,nrfwbb
testnrfwbbcmob1bnrz1,20200101000000,20381231235959,nrfwbb
testnrfwbbbcmb1bnrz1,20200101000000,20381231235959,nrfwbb
testnrfwbbccmb1bnrz1,20200101000000,20381231235959,nrfwbb
testnrfwbbbavo1anrz1,20200101000000,20381231235959,nrfwbb
testnrfwbbcavo1anrz1,20200101000000,20381231235959,nrfwbb
testnrfwbbbatl3bnrz1,20200101000000,20381231235959,nrfwbb
testnrfwbbcatl3bnrz1,20200101000000,20381231235959,nrfwbb
testnrfwbbbchr1dnrz1,20200101000000,20381231235959,nrfwbb
testnrfwbbcchr1dnrz1,20200101000000,20381231235959,nrfwbb
testnrfwbbbwhp3gnrz1,20200101000000,20381231235959,nrfwbb
testnrfwbbcwhp3gnrz1,20200101000000,20381231235959,nrfwbb
testnrfwbbbnyc4bnrz1,20200101000000,20381231235959,nrfwbb
testnrfwbbcnyc4bnrz1,20200101000000,20381231235959,nrfwbb
testnrfwbbbnrf1bnrz1,20200101000000,20381231235959,nrfwbb
testnrfwbbcnrf1bnrz1,20200101000000,20381231235959,nrfwbb
testnrfwbbbwas4anrz1,20200101000000,20381231235959,nrfwbb
testnrfwbbcwas4anrz1,20200101000000,20381231235959,nrfwbb
testnrfwbbbpxt1anrz1,20200101000000,20381231235959,nrfwbb
testnrfwbbcpxt1anrz1,20200101000000,20381231235959,nrfwbb
testnrfwbbbpit1bnrz1,20200101000000,20381231235959,nrfwbb
testnrfwbbcpit1bnrz1,20200101000000,20381231235959,nrfwbb
testnrfwbbbdtr1bnrz1,20200101000000,20381231235959,nrfwbb
testnrfwbbcdtr1bnrz1,20200101000000,20381231235959,nrfwbb
testnrfwbbbmiw1anrz1,20200101000000,20381231235959,nrfwbb
testnrfwbbcmiw1anrz1,20200101000000,20381231235959,nrfwbb
testnrfwbbbmnv1anrz1,20200101000000,20381231235959,nrfwbb
testnrfwbbcmnv1anrz1,20200101000000,20381231235959,nrfwbb
testnrfwbbbhst7dnrz1,20200101000000,20381231235959,nrfwbb
testnrfwbbchst7dnrz1,20200101000000,20381231235959,nrfwbb
testnrfwbbbscb1bnrz1,20200101000000,20381231235959,nrfwbb
testnrfwbbcscb1bnrz1,20200101000000,20381231235959,nrfwbb
testnrfwbbbtol2cnrz1,20200101000000,20381231235959,nrfwbb
testnrfwbbctol2cnrz1,20200101000000,20381231235959,nrfwbb
testnrfwbbblnn2anrz1,20200101000000,20381231235959,nrfwbb
testnrfwbbclnn2anrz1,20200101000000,20381231235959,nrfwbb
testnrfwbbblnn2bnrz1,20200101000000,20381231235959,nrfwbb
testnrfwbbclnn2bnrz1,20200101000000,20381231235959,nrfwbb
testnrfwbbbsna2bnrz1,20200101000000,20381231235959,nrfwbb
testnrfwbbcsna2bnrz1,20200101000000,20381231235959,nrfwbb
testnrfwbbbhst5cnrz1,20200101000000,20381231235959,nrfwbb
testnrfwbbchst5cnrz1,20200101000000,20381231235959,nrfwbb
testnrfwbbbdnv2fnrz1,20200101000000,20381231235959,nrfwbb
testnrfwbbcdnv2fnrz1,20200101000000,20381231235959,nrfwbb
testnrfwbbbdes1bnrz1,20200101000000,20381231235959,nrfwbb
testnrfwbbcdes1bnrz1,20200101000000,20381231235959,nrfwbb
testnrfwbbbalb1cnrz1,20200101000000,20381231235959,nrfwbb
testnrfwbbcalb1cnrz1,20200101000000,20381231235959,nrfwbb
testnrfwbbbslk1bnrz1,20200101000000,20381231235959,nrfwbb
testnrfwbbcslk1bnrz1,20200101000000,20381231235959,nrfwbb
testnrfwbbbgrd2anrz1,20200101000000,20381231235959,nrfwbb
testnrfwbbcgrd2anrz1,20200101000000,20381231235959,nrfwbb
testnrfwbbbsnb1cnrz1,20200101000000,20381231235959,nrfwbb
testnrfwbbcsnb1cnrz1,20200101000000,20381231235959,nrfwbb
testnrfwbbbtac1dnrz1,20200101000000,20381231235959,nrfwbb
testnrfwbbctac1dnrz1,20200101000000,20381231235959,nrfwbb
testnrfwbbblso1bnrz1,20200101000000,20381231235959,nrfwbb
testnrfwbbclso1bnrz1,20200101000000,20381231235959,nrfwbb
testnrfwbbblsa5enrz1,20200101000000,20381231235959,nrfwbb
testnrfwbbclsa5enrz1,20200101000000,20381231235959,nrfwbb
testnrfwbbbvnn2enrz1,20200101000000,20381231235959,nrfwbb
testnrfwbbcvnn2enrz1,20200101000000,20381231235959,nrfwbb
testnrfwbbbcnc2cnrz1,20200101000000,20381231235959,nrfwbb
testnrfwbbccnc2cnrz1,20200101000000,20381231235959,nrfwbb
testnrfwbbbokl2anrz1,20200101000000,20381231235959,nrfwbb
testnrfwbbcokl2anrz1,20200101000000,20381231235959,nrfwbb
testnrfwbbbsnd3anrz1,20200101000000,20381231235959,nrfwbb
testnrfwbbcsnd3anrz1,20200101000000,20381231235959,nrfwbb
testnrfwbbbsnd5anrz1,20200101000000,20381231235959,nrfwbb
testnrfwbbcsnd5anrz1,20200101000000,20381231235959,nrfwbb
testnrfwbbatl3fnrz1,20200101000000,20381231235959,nrfwbb
testnrphonenyc5anrz1,20200101000000,20381231235959,nrphone
testnrhotspotnyc5anrz1,20200101000000,20381231235959,nrhotspot
test5gcbbandnyc5anrz1,20200101000000,20381231235959,5gcbroadband
testnrfwbb2nyc5anrz1,20200101000000,20381231235959,nrphone
testimsnyc5anrz1,20200101000000,20381231235959,ims
testperfbbnyc5anrz1,20200101000000,20381231235959,nrhotspot
testxrintnyc5anrz1,20200101000000,20381231235959,xrinteractive
testnrfwbbbnyc5anrz1,20200101000000,20381231235959,nrfwbb
testnrfwbbcnyc5anrz1,20200101000000,20381231235959,nrfwbb
testonstarwfnyc5anrz1,20200101000000,20381231235959,onstarwifi
testonstarihunyc5anrz1,20200101000000,20381231235959,onstarihu
gmtestonstarihu,20200101000000,20381231235959,onstarihu
